{
  "classifier": "role_family",
  "n_proposals_total": 230,
  "n_in_vocab": 93,
  "n_out_of_vocab": 137,
  "out_of_vocab_labels": {
    "Other": 125,
    "Manager": 10,
    "AS": 2
  },
  "vs_llm": {
    "accuracy": 0.9032,
    "f1_macro": 0.9005,
    "f1_weighted": 0.9044,
    "f1_macro_ci95": [
      0.8266,
      0.9556
    ]
  },
  "vs_llm_high_confidence": {
    "n": 65,
    "accuracy": 0.9692,
    "f1_macro": 0.9248
  },
  "classification_report": {
    "DA": {
      "precision": 1.0,
      "recall": 0.9375,
      "f1-score": 0.967741935483871,
      "support": 16.0
    },
    "DE": {
      "precision": 0.9375,
      "recall": 0.8333333333333334,
      "f1-score": 0.8823529411764706,
      "support": 18.0
    },
    "DS": {
      "precision": 0.9375,
      "recall": 1.0,
      "f1-score": 0.967741935483871,
      "support": 15.0
    },
    "MLE": {
      "precision": 0.9444444444444444,
      "recall": 0.85,
      "f1-score": 0.8947368421052632,
      "support": 20.0
    },
    "RS": {
      "precision": 0.7142857142857143,
      "recall": 1.0,
      "f1-score": 0.8333333333333334,
      "support": 10.0
    },
    "SWE-ML": {
      "precision": 0.8571428571428571,
      "recall": 0.8571428571428571,
      "f1-score": 0.8571428571428571,
      "support": 14.0
    },
    "accuracy": 0.9032258064516129,
    "macro avg": {
      "precision": 0.8984788359788359,
      "recall": 0.9129960317460317,
      "f1-score": 0.9005083074542776,
      "support": 93.0
    },
    "weighted avg": {
      "precision": 0.913647806792968,
      "recall": 0.9032258064516129,
      "f1-score": 0.9044131517915599,
      "support": 93.0
    }
  }
}